{
  "SingleUser" : {
    "transaction" : "SingleUser",
    "sampleCount" : 1800,
    "errorCount" : 0,
    "errorPct" : 0.0,
    "meanResTime" : 3252.4061111111114,
    "medianResTime" : 2892.5,
    "minResTime" : 179.0,
    "maxResTime" : 11423.0,
    "pct1ResTime" : 6169.400000000001,
    "pct2ResTime" : 6682.9,
    "pct3ResTime" : 7573.140000000001,
    "throughput" : 98.01252382248843,
    "receivedKBytesPerSec" : 110.0368185066703,
    "sentKBytesPerSec" : 11.77298870133406
  },
  "Total" : {
    "transaction" : "Total",
    "sampleCount" : 1800,
    "errorCount" : 0,
    "errorPct" : 0.0,
    "meanResTime" : 3252.4061111111114,
    "medianResTime" : 2892.5,
    "minResTime" : 179.0,
    "maxResTime" : 11423.0,
    "pct1ResTime" : 6169.400000000001,
    "pct2ResTime" : 6682.9,
    "pct3ResTime" : 7573.140000000001,
    "throughput" : 98.01252382248843,
    "receivedKBytesPerSec" : 110.0368185066703,
    "sentKBytesPerSec" : 11.77298870133406
  }
}