{
  "SingleUser" : {
    "transaction" : "SingleUser",
    "sampleCount" : 1300,
    "errorCount" : 0,
    "errorPct" : 0.0,
    "meanResTime" : 926.2430769230765,
    "medianResTime" : 271.0,
    "minResTime" : 180.0,
    "maxResTime" : 4999.0,
    "pct1ResTime" : 3018.9,
    "pct2ResTime" : 3713.6000000000004,
    "pct3ResTime" : 4466.0,
    "throughput" : 118.59149790184273,
    "receivedKBytesPerSec" : 133.12768683862433,
    "sentKBytesPerSec" : 14.2448771893815
  },
  "Total" : {
    "transaction" : "Total",
    "sampleCount" : 1300,
    "errorCount" : 0,
    "errorPct" : 0.0,
    "meanResTime" : 926.2430769230765,
    "medianResTime" : 271.0,
    "minResTime" : 180.0,
    "maxResTime" : 4999.0,
    "pct1ResTime" : 3018.9,
    "pct2ResTime" : 3713.6000000000004,
    "pct3ResTime" : 4466.0,
    "throughput" : 118.59149790184273,
    "receivedKBytesPerSec" : 133.12768683862433,
    "sentKBytesPerSec" : 14.2448771893815
  }
}