{
  "SingleUser" : {
    "transaction" : "SingleUser",
    "sampleCount" : 1800,
    "errorCount" : 13,
    "errorPct" : 0.7222222,
    "meanResTime" : 4511.216666666675,
    "medianResTime" : 904.5,
    "minResTime" : 175.0,
    "maxResTime" : 17495.0,
    "pct1ResTime" : 11961.500000000002,
    "pct2ResTime" : 13546.199999999993,
    "pct3ResTime" : 15395.730000000001,
    "throughput" : 96.95141656791985,
    "receivedKBytesPerSec" : 109.53753248545729,
    "sentKBytesPerSec" : 11.561424866018529
  },
  "Total" : {
    "transaction" : "Total",
    "sampleCount" : 1800,
    "errorCount" : 13,
    "errorPct" : 0.7222222,
    "meanResTime" : 4511.216666666675,
    "medianResTime" : 904.5,
    "minResTime" : 175.0,
    "maxResTime" : 17495.0,
    "pct1ResTime" : 11961.500000000002,
    "pct2ResTime" : 13546.199999999993,
    "pct3ResTime" : 15395.730000000001,
    "throughput" : 96.95141656791985,
    "receivedKBytesPerSec" : 109.53753248545729,
    "sentKBytesPerSec" : 11.561424866018529
  }
}